ums,RF_output,RF_utility,RF_bayesian_utility,CNN_output,CNN_utility,CNN_bayesian_utility
"[[1, 0], [0, 1]]",0.967670011148272,0.967391304347826,0.9501114827201784,0.9593088071348941,0.9593088071348941,0.9609810479375697
"[[1, -10], [0, 10]]",0.5680741360089187,0.5777313266443701,0.5454292084726867,0.5758779264214047,0.5810897435897435,0.5823021181716834
"[[1, -100], [0, 100]]",0.5276268115942029,0.5456605351170568,0.5454292084726867,0.536183110367893,0.5464353400222965,0.5478595317725753
"[[10, 0], [-10, 1]]",0.9477006688963211,0.9541666666666667,0.9534698996655518,0.9313963210702341,0.9492753623188406,0.9545707915273133
"[[100, 0], [-100, 10]]",0.9476727982162765,0.9541666666666667,0.9534698996655518,0.9313963210702341,0.9492753623188406,0.9545707915273133
